observation_date,Price,pct_change,log_return,price_log,price_log_diff,rolling_avg,rolling_std
1992-06-01,110.201927185059,0.9379345468161437,0.009335632527393396,4.702314384633586,0.009335632527393223,108.98854675292968,5.322022136709894
1992-07-01,102.394058227539,-7.085056638264109,-0.07348569883339023,4.628828685800196,-0.07348569883339007,108.87166493733721,5.429596901565807
1992-08-01,97.5399322509766,-4.740632474762951,-0.048566830095354,4.580261855704841,-0.04856683009535434,108.57985712687173,5.79579296517285
1992-09-01,98.2166748046875,0.6938107686702111,0.006914149768807621,4.5871760054736495,0.006914149768808109,108.19250233968097,6.089726492251782
1992-10-01,94.5597686767578,-3.7233047598096536,-0.03794389813063617,4.549232107343013,-0.03794389813063681,107.39455006917318,6.258780486997128
1992-11-01,95.1726608276367,0.6481531833839593,0.00646061703104471,4.555692724374057,0.006460617031044613,106.5251688639323,6.075985766116501
1992-12-01,94.0434188842773,-1.1865192519987744,-0.011936145724190569,4.543756578649867,-0.011936145724190439,105.65751393636067,5.931430839006995
1993-01-01,94.09521484375,0.0550766444767703,0.0005506148285968739,4.544307193478464,0.0005506148285974177,104.96218134562174,6.02583401638004
1993-02-01,94.2540740966797,0.16882819513563962,0.0016868584053888523,4.545994051883853,0.001686858405388847,104.44273986816407,6.258267932951576
1993-03-01,97.5351867675781,3.4811361761750925,0.03421915093872154,4.580213202822574,0.0342191509387213,104.28200073242186,6.374523593153839
1993-04-01,100.487373352051,3.026791337886925,0.02981887849535549,4.61003208131793,0.02981887849535525,104.29840418497722,6.363736276777355
1993-05-01,99.2226715087891,-1.2585679186091214,-0.012665549703801108,4.597366531614129,-0.012665549703800849,104.27265090942383,6.383284318755145
1993-06-01,92.7262115478516,-6.54735441220412,-0.067715342291463,4.529651189322665,-0.06771534229146337,103.95161259969076,6.716431729459553
1993-07-01,101.888687133789,9.881214203611766,0.09422972544741982,4.623880914770085,0.09422972544741981,103.83100840250651,6.720026303279388
1993-08-01,100.312896728516,-1.5465803413521773,-0.015586646527554962,4.60829426824253,-0.015586646527554926,103.63163274129235,6.733143176379635
1993-09-01,101.031677246094,0.716538492077734,0.00713983552514944,4.61543410376768,0.007139835525149962,103.36435674031578,6.669487205574814
1993-10-01,105.767631530762,4.687593449658478,0.04581042868434991,4.66124453245203,0.0458104286843497,103.21557744344076,6.559910812911234
1993-11-01,115.92845916748,9.606745929412973,0.09172873708252081,4.752973269534551,0.09172873708252105,103.55535405476888,6.947453225409829
1993-12-01,121.229499816895,4.572682745447931,0.044712172313384084,4.797685441847935,0.04471217231338365,104.09256617228192,7.6587496062508365
1994-01-01,126.716453552246,4.526087910647569,0.04426649933859423,4.841951941186529,0.044266499338593945,104.79211807250978,8.70100106013042
1994-02-01,123.64900970459,-2.4207147230420722,-0.024504956110131468,4.817446985076398,-0.024504956110130927,105.24312464396162,9.31558139305525
1994-03-01,120.107292175293,-2.8643314958676336,-0.02906154030419369,4.788385444772204,-0.029061540304193834,105.61826349894208,9.685237846268636
1994-04-01,113.416732788086,-5.570485576714468,-0.057316508913292895,4.731068935858911,-0.057316508913292985,105.74804382324221,9.765125274428618
1994-05-01,110.601257324219,-2.482416301946888,-0.02513747862354888,4.705931457235362,-0.02513747862354876,105.87482350667321,9.803837808433723
1994-06-01,112.083099365234,1.3398057823801102,0.013309097562672154,4.719240554798034,0.013309097562672179,106.0535708109538,9.868463414982502
1994-07-01,98.7315521240234,-11.912185973465327,-0.12683598240263966,4.592404572395394,-0.12683598240263994,105.69174397786463,9.93325024743697
1994-08-01,96.1568756103516,-2.6077545204977293,-0.026423593709242254,4.565980978686152,-0.026423593709242077,105.09959793090823,9.955217096181602
1994-09-01,97.6050567626953,1.5060609479576215,0.014948324483935776,4.580929303170088,0.014948324483936126,104.4636133829753,9.797793236931424
1994-10-01,96.1100006103516,-1.5317404670729173,-0.015435927984342512,4.565493375185746,-0.01543592798434279,104.03210881551111,9.873371856610767
1994-11-01,95.605712890625,-0.5246984876954519,-0.005260798643708214,4.560232576542037,-0.00526079864370832,103.57970225016282,9.940175207854864
1994-12-01,102.555236816406,7.268942111996379,0.07016897265406036,4.6304015491960975,0.07016897265406019,103.32481257120772,9.862244298693373
1995-01-01,106.898773193359,4.235314072482521,0.04148079256099555,4.671882341757093,0.04148079256099546,103.47496973673505,9.881858144505642
1995-02-01,106.977661132813,0.07379686136463892,0.0007376964487002531,4.672620038205793,0.0007376964487004756,103.78956069946292,9.836521750159982
1995-03-01,109.627067565918,2.4765978289764234,0.024464272659148883,4.697084310864942,0.024464272659148634,104.16990712483727,9.8342069631371
1995-04-01,109.640487670898,0.012241598063300607,0.00012240848840828803,4.697206719353351,0.00012240848840860963,104.67259775797528,9.710692161773157
1995-05-01,111.927581787109,2.085994111113454,0.020645351624983387,4.717852070978334,0.020645351624983377,105.23109512329103,9.626932654925382
1995-06-01,120.007438659668,7.218825550905961,0.06970165871305062,4.787553729691385,0.06970165871305056,106.09656244913738,9.75274029721797
1995-07-01,127.309562683105,6.08472616780471,0.05906789232093237,4.846621622012317,0.05906789232093246,107.20370737711589,10.217544569191311
1995-08-01,126.297080993652,-0.7952911534016005,-0.007984704612166754,4.83863691740015,-0.00798470461216727,108.27180760701496,10.488395992893283
1995-09-01,130.51301574707,3.3381094165033875,0.032836041914582406,4.871472959314732,0.03283604191458256,109.37106857299801,11.038072259461723
1995-10-01,140.816360473633,7.894495937884516,0.07598367420460296,4.9474566335193355,0.07598367420460317,110.71536814371743,12.30223450240145
1995-11-01,143.21223449707,1.7014173746420669,0.016871053789778954,4.9643276873091144,0.016871053789778934,112.18168690999346,13.452939383881603
1995-12-01,148.188522338867,3.4747644705584113,0.03415757544752962,4.998485262756644,0.034157575447529176,114.03043060302728,14.460298612222273
1996-01-01,156.67073059082,5.723930651360765,0.055661082884320444,5.054146345640964,0.05566108288432048,115.85649871826168,16.225399786176435
1996-02-01,164.71223449707,5.132741690757903,0.050053572311796704,5.104199917952761,0.05005357231179719,118.0031433105468,18.233808324025613
1996-03-01,170.961151123047,3.7938387789209216,0.037236426324226184,5.141436344276987,0.037236426324225746,120.3341257731119,20.337833580580494
1996-04-01,189.03303527832,10.570754839072194,0.10048544534107332,5.24192178961806,0.10048544534107329,123.10963923136384,23.68722188028845
1996-05-01,203.998931884766,7.917079987850362,0.0761929683534586,5.318114757971519,0.07619296835345857,126.04532165527336,27.85703112619662
1996-06-01,196.639312744141,-3.607675330762161,-0.0367436071551165,5.281371150816403,-0.03674360715511593,128.55898208618157,30.667952545596293
1996-07-01,197.619995117188,0.4987214201277457,0.004974819242327731,5.28634597005873,0.004974819242327122,130.92243347167962,33.15253546383877
1996-08-01,186.820068359375,-5.4649969763478135,-0.056200017703726346,5.230145952355004,-0.05620001770372607,133.02813542683913,34.6471131771391
1996-09-01,145.239181518555,-22.25718425540517,-0.25176404119685586,4.978381911158148,-0.25176404119685625,133.86586507161454,34.627753878468546
1996-10-01,128.608795166016,-11.450344306997074,-0.12160671004458429,4.856775201113564,-0.1216067100445839,134.37226715087886,34.42890490823713
1996-11-01,117.136840820313,-8.920038735215819,-0.09343237008047581,4.763342831033088,-0.09343237008047556,134.590119934082,34.293716384218534
1996-12-01,116.835014343262,-0.2576699823362949,-0.002580025227960714,4.760762805805127,-0.0025800252279610802,134.74851710001627,34.19701319362539
1997-01-01,118.695167541504,1.5921196301451834,0.015795783452727318,4.776558589257855,0.015795783452727363,135.41397094726562,33.662031732720614
1997-02-01,121.746200561523,2.5704778747223544,0.02537996533102493,4.8019385545888795,0.025379965331024934,136.266948445638,32.94964827686796
1997-03-01,127.860580444336,5.022234660804203,0.04900190042605438,4.850940455014934,0.049001900426054235,137.27546590169268,32.17951386026393
1997-04-01,124.712875366211,-2.461826050833038,-0.024926356927489342,4.826014098087445,-0.024926356927489124,138.22889506022133,31.330311746417905
1997-05-01,118.610809326172,-4.892891790138498,-0.050166474646792525,4.775847623440652,-0.05016647464679291,138.99573160807287,30.52221185017194
1997-06-01,112.58137512207,-5.083376665546102,-0.05217132885803326,4.723676294582619,-0.05217132885803277,139.32993621826168,30.162213662039136
1997-07-01,106.420722961426,-5.472177039909242,-0.05627597196419528,4.667400322618423,-0.05627597196419565,139.3140012105306,30.18005919713947
1997-08-01,111.951019287109,5.196634801745859,0.05066112522731241,4.718061447845736,0.05066112522731281,139.4797798156738,30.009488519515152
1997-09-01,112.236907958984,0.25536942289181574,0.002550439092381953,4.7206118869381175,0.0025504390923813958,139.56677449544267,29.92362417601166
1997-10-01,120.244216918945,7.134292191020797,0.06891292874114273,4.78952481567926,0.06891292874114274,139.92023213704425,29.61902106117554
1997-11-01,117.404762268066,-2.3614064140756508,-0.023897344644044832,4.765627471035216,-0.023897344644044693,140.10280481974277,29.456960875336208
1997-12-01,113.604362487793,-3.2370064951843136,-0.032905563304233214,4.732721907730983,-0.032905563304233,139.88936894734695,29.630273914432678
1998-01-01,114.367256164551,0.6715355467444839,0.006692907907442893,4.739414815638425,0.006692907907442702,139.45795873006182,29.9126222389361
1998-02-01,113.61873626709,-0.6544879387366143,-0.006566391022540522,4.732848424615885,-0.006566391022539975,139.03534723917645,30.19321847106417
1998-03-01,113.840438842773,0.19512853510519346,0.0019493840666884462,4.734797808682574,0.001949384066688431,138.47959467569987,30.50730283136199
1998-04-01,106.687858581543,-6.282987252981831,-0.06489044708805088,4.669907361594523,-0.06489044708805114,137.34197794596352,31.048682081009957
1998-05-01,105.966926574707,-0.6757395044019732,-0.006780329614938447,4.663127031979584,-0.006780329614938907,136.10046768188477,31.546513340626817
1998-06-01,101.751693725586,-3.9778759140940645,-0.04059156184371693,4.622535470135867,-0.040591561843716484,134.5525733947754,32.06788624570068
1998-07-01,100.904479980469,-0.8326286414473194,-0.008361143559099391,4.614174326576768,-0.00836114355909956,132.69369837443037,32.356553108152355
1998-08-01,88.3582077026367,-12.433810947007263,-0.13277523226592258,4.481399094310845,-0.13277523226592258,130.14856414794926,32.75171339183572
1998-09-01,85.7144470214844,-2.992094056558603,-0.030377706234464875,4.451021388076381,-0.03037770623446434,127.30700734456384,32.78669690808174
1998-10-01,95.494758605957,11.410342041897747,0.10804997419688206,4.559071362273262,0.10804997419688167,124.18906478881838,31.11952874057591
1998-11-01,97.3845291137695,1.9789258964571177,0.019595997091365697,4.578667359364628,0.019595997091365724,120.63525136311851,27.57704414718128
1998-12-01,95.3247604370117,-2.1150881926547793,-0.02137776674231522,4.557289592622313,-0.021377766742315174,117.25809961954754,23.907982032056626
1999-01-01,97.4518737792969,2.2314384348133265,0.022069061256167522,4.57935865387848,0.022069061256167366,113.91916224161784,18.732190429347103
1999-02-01,94.5640047227443,-2.963379712013414,-0.030081749988623306,4.549276903889857,-0.03008174998862323,110.84396012039682,13.0678966428233
1999-03-01,96.4264500776398,1.969507700478701,0.019503638490527164,4.5687805423803844,0.019503638490527386,109.21686907236631,11.593307135503105
1999-04-01,94.0384785289116,-2.476469419755134,-0.02507649781736756,4.543704044563016,-0.025076497817368093,108.06452518446282,11.314071477579432
1999-05-01,92.7170656696428,-1.4051831547471583,-0.014151493253585373,4.529552551309431,-0.014151493253585556,107.2505326794405,11.515504207160925
1999-06-01,92.9470118303571,0.24800845351771184,0.002477014200937498,4.532029565510369,0.0024770142009380436,106.45426592901032,11.654961167984986
1999-07-01,83.5984030357143,-10.057998219141762,-0.10600514804577571,4.426024417464593,-0.10600514804577621,105.28437377881734,12.135438048169444
1999-08-01,86.3819147321428,3.32962304942519,0.032753916205051366,4.4587783336696445,0.03275391620505186,104.10556425117132,12.198671920253041
1999-09-01,87.1209208758503,0.8555102604509868,0.008518715099498461,4.467297048769143,0.008518715099498309,102.74757559888847,11.721294536571223
1999-10-01,85.6504712053571,-1.6878261337350042,-0.017022322492172785,4.45027472627697,-0.017022322492172393,101.44549546019334,11.361228422723968
1999-11-01,85.4093406300459,-0.2815286033080455,-0.002819256404375934,4.447455469872594,-0.0028192564043765245,100.33877983698913,11.248009026008036
1999-12-01,87.2228376839286,2.1233006138496435,0.02101072679756275,4.468466196670157,0.021010726797562995,99.49349525571776,11.24909976930519
2000-01-01,92.9532749553571,6.5698817231721,0.06363075039309346,4.53209694706325,0.0636307503930933,99.04458032218213,11.231831892741978
2000-02-01,95.0816190401786,2.289692413574107,0.022638723472433304,4.554735670535684,0.022638723472433675,98.4822669806178,10.982918381210945
2000-03-01,95.1693511057143,0.09227026887146383,0.0009222772602646284,4.5556579477959485,0.0009222772602646145,97.91334841884212,10.683835037479795
2000-04-01,95.5393729517857,0.3888035820065472,0.003880496943426463,4.559538444739375,0.0038804969434265146,97.08985361993682,9.820473622908349
2000-05-01,95.5305508928571,-0.009233951046605515,-9.234377402111678e-05,4.559446100965354,-9.234377402123073e-05,96.36071324076319,9.041276809445552
2000-06-01,84.0395145034014,-12.028650815950526,-0.12815900197571403,4.43128709898964,-0.12815900197571395,95.37521830795012,8.70181985543826
2000-07-01,75.057375212585,-10.687995217360358,-0.1130342750843822,4.318252823905257,-0.11303427508438268,94.06488894288461,8.703025137651473
2000-08-01,75.2405311428571,0.24402123009676924,0.0024372398176090407,4.320690063722866,0.002437239817608905,92.78561543874349,8.548934255627918
2000-09-01,80.150576268797,6.525798065695909,0.06321700518578807,4.383907068908655,0.06321700518578854,91.66262001961097,7.873896409183077
2000-10-01,84.7072744047619,5.685172020077989,0.055294413415245984,4.4392014823239005,0.05529441341524599,90.92993388038492,7.438166405113119
2000-11-01,88.9371078282313,4.993471284718387,0.04872798399550779,4.487929466319408,0.04872798399550771,90.36227325550242,6.879896534577452
2000-12-01,96.2242037593985,8.193538230679964,0.07875145803724634,4.566680924356654,0.07875145803724592,90.17802358996282,6.633980460812553
2001-01-01,94.2972332706767,-2.0025839793281652,-0.020229074801140175,4.546451849555514,-0.02022907480114,89.95778203296975,6.370018776760862
2001-02-01,92.3775148214285,-2.0358163041090616,-0.02056824660977558,4.525883602945739,-0.020568246609775187,90.09175893692947,6.377479265508504
2001-03-01,91.0121535714286,-1.47802336167977,-0.014890549616676541,4.510993053329062,-0.014890549616676907,90.26834915526095,6.325225238457965
2001-04-01,87.5450665178572,-3.809476995674377,-0.038839346637749635,4.472153706691312,-0.038839346637749905,90.00335941899097,6.264954745595833
2001-05-01,85.0775230867347,-2.8185979282101203,-0.028590829538882194,4.443562877152431,-0.02859082953888148,89.59312588475647,6.167136293728541
2001-06-01,83.1606659863946,-2.253071117721539,-0.022788405700282375,4.420774471452148,-0.02278840570028251,89.1876560697359,6.177172281525975
2001-07-01,90.7546695436508,9.131725278028213,0.08738545539550295,4.508159926847651,0.08738545539550291,88.9644159285477,5.986275730516076
2001-08-01,92.8790316381988,2.3407744254153595,0.023137984542316033,4.5312979113899665,0.023137984542315415,88.90825015906285,5.939649357500154
2001-09-01,89.7439884868421,-3.375404648456015,-0.034336866912881174,4.496961044477086,-0.03433686691288074,88.68550143936959,5.770884767474437
2001-10-01,86.2677391304348,-3.8735177865612314,-0.039505338635507946,4.457455705841578,-0.0395053386355082,88.42647679275369,5.696243822329232
2001-11-01,89.8825542410714,4.190228174603128,0.0410481594192362,4.498503865260814,0.04104815941923601,88.33199307846797,5.64590730705652
2001-12-01,92.3115151680672,2.702371942480797,0.02666502651691991,4.525168891777733,0.02666502651691971,88.31080985639164,5.629162203820589
2002-01-01,91.9669605867347,-0.3732520051319632,-0.0037395032864120828,4.521429388491321,-0.003739503286412038,88.58976177475898,5.594833766373823
2002-02-01,90.728193843985,-1.346969319032143,-0.013561232440752358,4.507868156050569,-0.013561232440752136,88.73463774515375,5.591962868859863
2002-03-01,89.8579491071429,-0.9591778475592228,-0.009638075870178139,4.498230080180391,-0.009638075870178398,88.82587201953015,5.587052299649628
2002-04-01,87.1066477678571,-3.0618341133128557,-0.031096875837664274,4.467133204342727,-0.031096875837663518,88.87441123828016,5.564794907754586
2002-05-01,90.3313050170068,3.7019645822481184,0.036350873930504866,4.503484078273232,0.03635087393050451,89.03847671784553,5.53156967593088
2002-06-01,93.1698001339286,3.1423160734668887,0.0309395580105489,4.534423636283781,0.03093955801054893,89.23670879951217,5.570680756490896
2002-07-01,99.7000026785715,7.008926213489697,0.06774206755032537,4.602165703834106,0.0677420675503253,89.46159972361934,5.854831237026621
2002-08-01,109.891001785714,10.221663824822391,0.09732327784228727,4.699488981676393,0.09732327784228723,89.95524581513718,6.879649332467545
2002-09-01,113.941454196429,3.6858817782126962,0.03619577512071532,4.7356847567971085,0.03619577512071537,90.58098258482768,8.113340603226959
2002-10-01,109.64680993323,-3.7691675022817117,-0.03842037553262313,4.697264381264485,-0.03842037553262312,91.05123048420913,8.79115684478154
2002-11-01,108.646429375,-0.9123663140215288,-0.009165538654757437,4.688098842609728,-0.009165538654757555,91.48842643361391,9.331151433467568
2002-12-01,107.012648482143,-1.5037593984960962,-0.015151805020600755,4.672947037589127,-0.015151805020600762,92.25419756623863,9.636432741739405
2003-01-01,105.844256122449,-1.091826411425545,-0.010978305793802807,4.661968731795325,-0.010978305793802434,93.28042692990077,9.377759520101524
2003-02-01,106.141079960317,0.28043452591759443,0.002800420419035272,4.66476915221436,0.0028004204190352766,94.31044522381609,9.01810298248061
2003-03-01,105.131878911565,-0.9508109858400893,-0.009553600518040647,4.655215551696319,-0.009553600518040994,95.14315531190837,8.816635170550125
2003-04-01,105.338093367347,0.19614835948615905,0.001959562397769303,4.6571751140940885,0.00195956239776951,95.83084927732787,8.779089729992865
2003-05-01,107.906400680272,2.438156255561319,0.024089076895058584,4.681264190989147,0.024089076895058348,96.46315903906255,8.946971900776662
2003-06-01,107.02530255102,-0.8165392633776247,-0.00819891204300207,4.6730652789461455,-0.008198912043001272,96.82319566544994,9.151999714357933
2003-07-01,97.6706649659864,-8.740585041162719,-0.09146402121684266,4.581601257729303,-0.09146402121684272,96.93564338862693,9.140610874965775
2003-08-01,100.349578214286,2.7428023032632254,0.027058614358082777,4.608659872087386,0.027058614358082878,97.20137883505551,9.119384815520474
2003-09-01,103.238455272109,2.8788133535091687,0.02838154015698734,4.637041412244373,0.02838154015698713,97.60892222507819,9.106438111148563
2003-10-01,104.205951552795,0.9371471881635118,0.009327832073311901,4.646369244317684,0.009327832073311448,98.16428505957612,8.978664375387908
2003-11-01,108.10048487395,3.7373425059910037,0.03669196573786263,4.6830612100555475,0.036691965737863264,98.93171711914995,8.803745624968572
2003-12-01,111.992209586466,3.6000992197712467,0.03536810155663238,4.718429311612179,0.035368101556631615,99.89276857248566,8.593931272191792
2004-01-01,116.245588293651,3.797923733169206,0.0372757819730186,4.755705093585198,0.03727578197301895,100.74246586415234,8.913500572014343
2004-02-01,122.932429135338,5.752339456354427,0.055929754212314664,4.811634847797513,0.05592975421231472,101.74424578072366,9.657082916243764
2004-03-01,128.460194875776,4.496588718955863,0.043984241046209724,4.8556190888437225,0.04398424104620968,103.0347859936881,10.544305871068332
2004-04-01,133.439499659864,3.876146061356267,0.038029100208305675,4.893648189052028,0.03802910020830552,104.60717801133575,11.437128672200261
2004-05-01,129.285215714286,-3.113234054509506,-0.0316272507684399,4.862020938283588,-0.031627250768440085,105.92060006044291,11.939312246970998
2004-06-01,123.278751020408,-4.645902209848963,-0.04757287856568393,4.814448059717904,-0.04757287856568393,106.95284125552094,12.06019483971684
2004-07-01,104.49448877551,-15.237226277372306,-0.16531372869412284,4.649134331023782,-0.1653137286941222,107.37042552848011,11.735939887624651
2004-08-01,104.0931375,-0.38408846266739793,-0.003848279766023051,4.6452860512577585,-0.0038482797660233103,107.81592365034727,11.329027335087805
2004-09-01,97.7269052721088,-6.115900030288934,-0.06310914350776319,4.582176907749995,-0.06310914350776375,108.07822218917948,10.984776890760335
2004-10-01,93.4151484693877,-4.412046806061776,-0.04512338648670143,4.537053521263294,-0.04512338648670067,108.28850554589715,10.62392647940341
2004-11-01,93.7585103383459,0.36756551221530653,0.003668916409605371,4.540722437672899,0.003668916409605316,108.40274572327512,10.441024501697143
2004-12-01,95.6085204081633,1.9731649565903675,0.019539504021408072,4.560261941694307,0.019539504021407694,108.48403639908295,10.327208975645307
2005-01-01,96.03875875,0.44999999999997264,0.00448990527285178,4.564751846967159,0.0044899052728517574,108.36199493479722,10.45543082006593
2005-02-01,94.3593936090225,-1.7486327008339186,-0.01764101880460229,4.547110828162556,-0.01764101880460256,107.84427466224086,10.757289315145096
2005-03-01,100.014011054422,5.992638601334566,0.058199458555189224,4.605310286717746,0.05819945855518949,107.38002655750728,10.78557556806001
2005-04-01,96.4708717687075,-3.5426429240864366,-0.036069170894166475,4.569241115823579,-0.036069170894166724,106.94082861868988,10.956992848444969
2005-05-01,95.364812414966,-1.1465215701515818,-0.011531448018924539,4.557709667804655,-0.011531448018923918,106.49810805335541,11.152284609589316
2005-06-01,97.6152767857143,2.359847740229104,0.02332433780951331,4.5810340056141685,0.023324337809513374,106.18486233014113,11.268703014694806
2005-07-01,105.664287142857,8.245646196150158,0.07923296018866989,4.660266965802839,0.0792329601886701,106.17886336415471,11.268938492488946
2005-08-01,99.2866364285714,-6.035767511177259,-0.06225598156670661,4.598010984236131,-0.06225598156670742,105.95038191309654,11.339001231664703
2005-09-01,97.0707683673469,-2.2317888297269883,-0.02257070094275938,4.575440283293372,-0.022570700942758926,105.68167822828924,11.453996529551851
2005-10-01,101.551246088435,4.615681730397481,0.045123275346412514,4.620563558639785,0.045123275346412584,105.55544998565885,11.478753192084232
2005-11-01,95.9797064285714,-5.486431604208642,-0.05642678088730123,4.564136777752483,-0.056426780887301575,105.15789351060216,11.600412940740883
2005-12-01,102.676052210884,6.976835032618123,0.067442130013124,4.631578907765608,0.06744213001312449,105.0129184992643,11.603447196728796
2006-01-01,102.7904075,0.11137484024135169,0.0011131286447882702,4.632692036410396,0.001113128644788297,105.18357658373141,11.529148608264585
2006-02-01,106.936502067669,4.033542300792026,0.0395431832772019,4.672235219687598,0.03954318327720152,105.40314071217752,11.49658977417375
2006-03-01,104.952080357143,-1.855700974088581,-0.018731351253023623,4.653503868434574,-0.01873135125302383,105.46026154834531,11.48971868045689
2006-04-01,107.910347368421,2.8186835374880204,0.02779689699270277,4.681300765427277,0.0277968969927036,105.58374140886619,11.495677799469606
2006-05-01,110.624682142857,2.5153609831028323,0.02484246461178021,4.706143230039057,0.024842464611779747,105.66788131782977,11.52393660902128
2006-06-01,109.612356632653,-0.9150991357396276,-0.009193118881497478,4.69695011115756,-0.00919311888149732,105.588552886036,11.487032121049308
2006-07-01,114.305610178571,4.2816829143146995,0.04192554136580817,4.738875652523368,0.04192554136580817,105.52388694886666,11.430290271768701
2006-08-01,115.277289285714,0.8500712306465319,0.008464784714770726,4.7473404372381385,0.008464784714770524,105.26871562054586,11.109195754577518
2006-09-01,120.269894642857,4.33095312014915,0.04239790207882296,4.789738339316962,0.042397902078823435,104.99570561278189,10.608986605664102
2006-10-01,142.262410714286,18.285969349799515,0.1679349756784149,4.957673314995376,0.1679349756784143,105.28980264792929,11.508812821909677
2006-11-01,164.10640125,15.354716981131844,0.14284169056655868,5.1005150055619355,0.14284169056655927,106.4505088324531,15.182028466091426
2006-12-01,160.720734821429,-2.063092239414399,-0.020846713006045285,5.07966829255589,-0.020846713006045903,107.69857495915379,17.90748570509823
2007-01-01,165.160018984962,2.7621104199562874,0.02724652341090314,5.106914815966793,0.027246523410903833,109.72075929946887,20.73522555039183
2007-02-01,177.384885526316,7.4018316396942785,0.07140705031456608,5.178321866281359,0.07140705031456562,112.16381756701273,24.094816741300985
2007-03-01,169.583269727891,-4.3981288345266485,-0.044977793261681796,5.1333440730196775,-0.0449777932616815,114.5590297155388,26.098423411796425
2007-04-01,152.630566785714,-9.996683617068413,-0.10532366763748309,5.028020405382194,-0.10532366763748335,116.53287699274966,26.67699477813235
2007-05-01,160.139158928571,4.919455061317235,0.04802277514765804,5.076043180529853,0.048022775147658514,118.74556527909051,27.46418095200161
2007-06-01,164.537264484127,2.7464272854822225,0.02709389583951738,5.10313707636937,0.027093895839517046,121.04319008162264,28.331376723424437
2007-07-01,147.216401315789,-10.527015398392603,-0.11123345429929972,4.99190362207007,-0.11123345429929987,122.74911150048227,28.31464265258503
2007-08-01,151.030785714286,2.5910050540597585,0.025580072866931435,5.017483694937002,0.025580072866931758,124.63815790399104,28.245642198341287
2007-09-01,160.125031578947,6.021451733598959,0.05847126249422235,5.0759549574312235,0.058471262494221854,126.6418585881419,28.56885083015149
2007-10-01,164.114103726708,2.4912233324333677,0.024606982899213824,5.100561940330437,0.024606982899213925,128.8966329867419,28.77412533636764
2007-11-01,171.113943392857,4.265227367542712,0.04176772989994758,5.142329670230385,0.0417677298999477,131.42160401933828,29.05239756437812
2007-12-01,180.283263655462,5.358604962748914,0.052199630686809106,5.1945293009171944,0.05219963068680933,134.17720358166318,29.64968248702169
2008-01-01,206.558804323308,14.574586755907081,0.13605583764438064,5.330585138561575,0.13605583764438034,137.5403541543449,31.937866804531307
2008-02-01,220.047597744361,6.530243755642684,0.06325873777322766,5.3938438763348024,0.06325873777322766,141.5657195315379,34.46076433452854
2008-03-01,233.925929285714,6.306967984933909,0.06116064739901623,5.455004523733819,0.06116064739901628,146.12755822881678,37.30816707057375
2008-04-01,246.6418625,5.435880175025365,0.05293281130761687,5.507937335041436,0.052932811307616845,150.96391210920228,40.59023526543739
2008-05-01,243.531773571429,-1.2609736632081314,-0.012689914085152042,5.495247420956284,-0.012689914085151521,155.88231434729752,42.58835620873153
2008-06-01,287.132070892857,17.903330100226043,0.16469486628125068,5.659942287237534,0.16469486628125019,162.03084830336329,47.65563708045075
2008-07-01,267.141454081633,-6.962167879422787,-0.0721639785588467,5.587778308678688,-0.07216397855884615,167.50921652275107,49.99971265119068
2008-08-01,235.159466666667,-11.9719298245614,-0.12751444310660745,5.46026386557208,-0.12751444310660798,171.78331534271769,50.12351353965516
2008-09-01,233.945613392857,-0.5161830357144792,-0.00517519862646473,5.455088666945615,-0.005175198626464983,176.08309977724147,49.723970706191636
2008-10-01,183.024702891156,-21.766131778752886,-0.2454675347380568,5.209621132207559,-0.24546753473805616,178.58691162799929,48.035300988347444
2008-11-01,164.304400210084,-10.228292894541614,-0.10790032596431925,5.1017208062432395,-0.10790032596431942,180.37623556357354,46.38794031062905
2008-12-01,158.909796964286,-3.283298097251397,-0.03338407969690049,5.068336726546339,-0.03338407969690049,182.01948357462794,44.63478722407847
2009-01-01,173.295129931973,9.052514849616244,0.08665936782982334,5.154996094376163,0.08665936782982353,183.98580089974135,42.810978396667366
2009-02-01,163.399960515873,-5.710010096639384,-0.0587951535912131,5.096200940784949,-0.058795153591213456,185.58988994074667,41.01149564395441
2009-03-01,164.577030357143,0.7203611540381294,0.007177789464746107,5.103378730249696,0.0071777894647464535,187.06679446455618,39.34188850657918
2009-04-01,168.795905442177,2.5634653121877182,0.02531159475881808,5.128690325008513,0.025311594758817613,187.95124428881925,38.59098813164963
2009-05-01,180.070212142857,6.679253665037588,0.06465651728547928,5.193346842293993,0.06465651728547961,188.48337131858116,38.360228118232506
2009-06-01,179.393794642857,-0.3756409746790257,-0.003763482772226783,5.189583359521766,-0.0037634827722268227,189.10580664596208,38.04441124571974
2009-07-01,151.800255357143,-15.381546134663193,-0.16701781236703345,5.022565547154732,-0.1670178123670336,188.66048119170145,38.41079838805236
2009-08-01,152.036294217687,0.15549305894688725,0.0015537229366153343,5.024119270091348,0.00155372293661582,187.81552814808046,38.94251607794146
2009-09-01,150.592793027211,-0.9494451294696504,-0.009539810935644665,5.014579459155703,-0.009539810935645043,187.18251225805778,39.40075383718209
2009-10-01,167.279121428571,11.080429591570763,0.10508434385003985,5.119663803005743,0.10508434385003973,187.67079741281972,39.04697349922448
2009-11-01,171.686854511278,2.634957097493573,0.026008401170475502,5.145672204176218,0.026008401170475537,188.05572059890991,38.82248210247009
2009-12-01,164.612819642857,-4.120312465714315,-0.04207603535206491,5.103596168824153,-0.042076035352065055,188.0582391042009,38.82090621365298
2010-01-01,167.335630827068,1.6540699503953427,0.016405392147448974,5.120001560971603,0.016405392147449405,188.7288800879102,38.260765002279314
2010-02-01,161.906961278195,-3.244180287271403,-0.03297970381771715,5.087021857153886,-0.03297970381771709,189.09141927337387,37.941435809648205
2010-03-01,158.927769409938,-1.840064098996974,-0.018572038590915226,5.06844981856297,-0.01857203859091605,189.0515105344069,37.97357082890075
2010-04-01,157.266642687075,-1.0452086057901488,-0.010507092734784474,5.057942725828186,-0.010507092734783896,188.8232618330858,38.14880619324296
2010-05-01,163.240300535714,3.7984265109068494,0.03728062577433835,5.095223351602524,0.037280625774338105,188.56080707118105,38.30162168133479
2010-06-01,152.873933928571,-6.350372164914642,-0.06560973110391093,5.029613620498613,-0.065609731103911,187.64716274695135,38.82915954152927
2010-07-01,163.921745578231,7.226746486959623,0.0697755323396496,5.099389152838262,0.06977553233964962,186.22592745544878,38.89333478508985
2010-08-01,175.600130357143,7.124365798885757,0.06882027071522893,5.168209423553491,0.06882027071522856,184.74434520920815,38.40402405043195
2010-09-01,205.839520408163,17.220596584705163,0.15888741449191868,5.32709683804541,0.158887414491919,183.80813157995644,37.495326679067986
2010-10-01,235.703122959184,14.508196721311784,0.13547622152966227,5.462573059575072,0.13547622152966188,183.44350692859592,36.91187549077932
2010-11-01,238.23674875,1.0749224528750823,0.010691862314853357,5.473264921889926,0.01069186231485375,183.26700610121497,36.62619893297304
2010-12-01,250.62555085034,5.200206166908572,0.05069507407508612,5.523959995965011,0.05069507407508578,182.05012209979773,33.53211156098628
2011-01-01,265.285523979592,5.8493529807765565,0.05684669896925008,5.580806694934262,0.05684669896925065,181.98825776306302,33.37103596408823
2011-02-01,293.396796992481,10.596610245137805,0.10071925385232047,5.681525948786582,0.10071925385232028,183.92950210725684,37.950415683981994
2011-03-01,290.43472173913,-1.0095799557848895,-0.010147107765902316,5.67137884102068,-0.010147107765902774,185.81247238546592,41.73073397127781
2011-04-01,318.938776020408,9.814272243551002,0.09362031864334709,5.764999159664027,0.09362031864334774,190.34294148977432,48.281236852161804
2011-05-01,308.575221428571,-3.249386832529211,-0.0330335164500061,5.7319656432140205,-0.03303351645000685,195.1519688637239,52.59091346267281
2011-06-01,310.536474285714,0.6355833913245679,0.006335720779716766,5.738301363993737,0.00633572077971678,200.20619144110483,56.15313277039219
2011-07-01,300.832209464286,-3.1249999999998224,-0.031748698314578466,5.706552665679159,-0.03174869831457805,204.45742742551528,58.81040704517282
2011-08-01,310.307111645963,3.149563738055061,0.031009824126673066,5.737562489805832,0.031009824126672747,209.35433246318493,61.33579284107142
2011-09-01,296.299496428571,-4.514113499716899,-0.04619173476008552,5.691370755045747,-0.04619173476008509,213.74508133223256,62.718968011385535
2011-10-01,274.846376020408,-7.2403499387433845,-0.07515844612559294,5.616212308920153,-0.07515844612559341,217.28009701817356,63.08572416967673
2011-11-01,274.278348928571,-0.20667075915704602,-0.0020688461787692863,5.614143462741384,-0.0020688461787692347,220.42036824436403,63.512918944739155
2011-12-01,258.51794047619,-5.746136548490533,-0.05917836897214904,5.554965093769235,-0.05917836897214901,223.0578397721418,63.393242569349006
2012-01-01,272.920145535714,5.571065989847801,0.054214151431963724,5.609179245201199,0.05421415143196384,227.0951694447608,62.5498416914313
2012-02-01,279.514321428571,2.416155787955221,0.02387428553947308,5.633053530740672,0.023874285539473128,231.34443701845697,61.59776156648171
2012-03-01,280.715051964286,0.4295774647889772,0.004286574147417321,5.637340104888089,0.004286574147417177,235.6818456496928,60.28280445443095
2012-04-01,274.219296607143,-2.3140032255802967,-0.02341196603054251,5.613928138857547,-0.023411966030542075,239.24651815564522,59.25150212471844
2012-05-01,268.884903571429,-1.9453018448064463,-0.019644718581442833,5.5942834202761045,-0.019644718581442788,242.4864531243169,58.0756596285094
2012-06-01,267.328921768707,-0.5786794952244878,-0.005803603325929516,5.588479816950175,-0.005803603325929885,245.91032319517856,56.327810203151756
2012-07-01,332.99885255102,24.565217391304415,0.21965922723159945,5.808139044181774,0.2196592272315998,251.43243058597696,56.47931065496495
2012-08-01,332.233495341615,-0.22983779179469588,-0.0023010232425548765,5.80583802093922,-0.002301023242554656,257.10998172142433,55.72544402253097
2012-09-01,320.705905639098,-3.4697253179315823,-0.035313499569941946,5.7705245213692775,-0.03531349956994223,262.5025862623963,53.68706177092045
2012-10-01,321.382417321428,0.21094456648120818,0.0021072239082069563,5.772631745277485,0.0021072239082071675,267.9731120835414,50.88226726839591
2012-11-01,321.596870488722,0.06672834471821432,0.0006670609125729727,5.773298806190057,0.0006670609125727367,273.2516644153083,47.76082681301088
2012-12-01,308.75040056391,-3.9945879775787563,-0.040765620875724266,5.732533185314333,-0.04076562087572455,278.4475466364863,42.39032390702407
2013-01-01,303.36021122449,-1.745808047398545,-0.017612269964657774,5.714920915349675,-0.01761226996465748,283.0954954913616,36.65666715452124
2013-02-01,302.61034047619,-0.24718823384028976,-0.0024749424834695356,5.712445972866206,-0.0024749424834693556,287.32916916199645,30.656878637705685
2013-03-01,309.579205075188,2.3029168758845753,0.022767999523751227,5.735213972389957,0.02276799952375086,290.7871586508973,26.749961347930928
2013-04-01,279.764846428571,-9.63060766286803,-0.10126455626268606,5.633949416127271,-0.10126455626268616,292.25588276654355,24.756593266108432
2013-05-01,295.368975,5.577587309709764,0.05427592137235529,5.6882253374996266,0.05427592137235582,294.1602903082102,22.557665456807587
2013-06-01,297.111913214286,0.5900884526839789,0.005883542496510094,5.694108879996136,0.005883542496509797,295.7098357203418,21.007392511277583
2013-07-01,279.013271428571,-6.091523422913614,-0.06284953146174434,5.6312593485343925,-0.06284953146174388,296.1674273019744,20.464317537629558
2013-08-01,234.938766071429,-15.79656233966108,-0.171934438253283,5.459324910281109,-0.1719344382532837,294.21882627127263,23.321014395497084
2013-09-01,207.490173392857,-11.683296519156283,-0.12424092887459876,5.33508398140651,-0.12424092887459892,291.4540079930636,28.192952677907623
2013-10-01,201.779992857143,-2.7520245620993755,-0.027906021825509532,5.307177959581001,-0.027906021825509164,287.5487152209547,32.098400437247705
2013-11-01,199.182444172932,-1.287317264427701,-0.012956749976313898,5.294221209604687,-0.012956749976313908,283.9022893124334,35.6450428176596
2013-12-01,197.553448639456,-0.8178409197859282,-0.008212035853564848,5.286009173751122,-0.008212035853564892,280.1361884575582,38.58163769678539
2014-01-01,198.771988605442,0.6168153349779715,0.006149208156565105,5.292158381907687,0.0061492081565655,276.7341810955967,41.11059028042879
2014-02-01,209.356019548872,5.324709491355484,0.051877863661511446,5.344036245569199,0.05187786366151137,273.36914469236035,42.379772847179275
2014-03-01,222.392917176871,6.2271424801118025,0.06040946907379561,5.4044457146429945,0.06040946907379574,270.905592050637,43.142111295187995
2014-04-01,222.430410714286,0.016859141869685068,0.00016857720876071466,5.404614291851755,0.00016857720876028992,269.1583932070996,44.029278486227376
2014-05-01,216.975101020408,-2.4525916561316863,-0.024831686736081982,5.379782605115673,-0.024831686736082048,267.2482849434942,45.03108894898331
2014-06-01,202.633822959184,-6.609642301710517,-0.06838208271757885,5.3114005223980945,-0.06838208271757829,265.38548102626066,46.53544396886002
2014-07-01,182.29451625,-10.03746877602013,-0.10577692207650358,5.205623600321591,-0.10577692207650369,262.36462671673684,48.910350519893704
2014-08-01,176.482080612245,-3.1884862788652213,-0.03240425537861272,5.173219344942978,-0.03240425537861302,258.930218689526,51.227112363893816
2014-09-01,163.134381292517,-7.563203739112023,-0.07864505868046286,5.094574286262515,-0.07864505868046301,255.010863000467,53.929621194859905
2014-10-01,163.378089285714,0.14939094461026148,0.0014927946734941502,5.09606708093601,0.001492794673494835,251.3161560897527,56.31248797214187
2014-11-01,178.708535084034,9.38341601700965,0.08968910217069265,5.185756183106702,0.08968910217069226,248.31027714017287,57.731226009134545
2014-12-01,178.712946088435,0.0024682673376075215,2.468236876390514e-05,5.185780865475466,2.4682368763961904e-05,245.35641128416378,58.97815468756945
2015-01-01,174.794871428571,-2.192384349103138,-0.022167742337930625,5.1636131231375355,-0.022167742337930285,240.08294524674884,57.935073426272574
2015-02-01,173.758865789474,-0.5926979611186045,-0.005944613867953134,5.157668509269582,-0.005944613867953308,234.80045759501078,56.4488565027781
2015-03-01,174.293821428571,0.30787242807233106,0.0030739947139931316,5.160742503983575,0.0030739947139926116,229.92005478799322,55.07815315168889
2015-04-01,172.151577040816,-1.2290994426517488,-0.01236715338816517,5.14837535059541,-0.012367153388164631,224.94569344530615,53.24115300359885
2015-05-01,166.350389464286,-3.369813786343978,-0.03427900689960424,5.114096343695806,-0.03427900689960417,219.7708107444916,51.0214857098461
2015-06-01,166.813860714286,0.2786114607200796,0.0027822405838790303,5.116878584279685,0.002782240583878881,215.03959274950418,49.027826918354556
2015-07-01,179.608530357143,7.670027891010411,0.07390106688111311,5.190779651160798,0.07390106688111331,210.91453672059257,46.48041948700305
2015-08-01,162.74069914966,-9.391442140271467,-0.09862151978709942,5.092158131373699,-0.09862151978709921,206.25221534304157,43.909363331064654
2015-09-01,166.077623979592,2.0504550167031566,0.0202971620202245,5.112455293393923,0.020297162020224135,201.46882930652174,39.89816389385469
2015-10-01,171.448573214286,3.233999322722725,0.0318280636039488,5.144283356997872,0.03182806360394874,197.85828686604555,37.39071891026112
2015-11-01,166.09242406015,-3.124055834189765,-0.031738952134355916,5.112544404863516,-0.03173895213435607,193.54906850138389,32.95114712574597
2015-12-01,164.004401785714,-1.2571448013064201,-0.012651137242715455,5.099893267620801,-0.012651137242714938,189.11215145376482,26.938373059609336
2016-01-01,161.098876879699,-1.7716139776610018,-0.017874949034495026,5.0820183185863055,-0.01787494903449538,185.1816716354691,21.402283459738193
2016-02-01,159.716845357143,-0.8578778135045817,-0.008615787668590438,5.073402530917715,-0.008615787668590613,182.67427427832624,19.711498540731544
2016-03-01,159.226532142857,-0.3069890425080768,-0.0030746122047320924,5.070327918712983,-0.0030746122047320412,181.06548623665958,19.58542197164565
2016-04-01,164.465401870748,3.2901989746223492,0.03237230639728875,5.102700225110272,0.032372306397289385,179.8216665371131,19.408612781968305
2016-05-01,169.002119897959,2.7584634674570507,0.027211033509034557,5.129911258619306,0.027211033509034088,178.81565572794727,19.150938033980594
2016-06-01,179.912739285714,6.455906821963331,0.06256069298020946,5.192471951599516,0.06256069298020961,178.2276320828226,18.823792679864358
2016-07-01,161.823044821429,-10.054704595185616,-0.10596852929605804,5.0865034223034575,-0.10596852929605838,176.99600062335549,18.641122849404052
2016-08-01,150.21541242236,-7.173040410825271,-0.0744330755722302,5.012070346731227,-0.07443307557223022,175.02464705247172,18.223416542534675
2016-09-01,148.51190170068,-1.134045231583991,-0.011405245567477702,5.00066510116375,-0.011405245567477351,172.5619465365987,16.513234233417382
2016-10-01,152.617444047619,2.7644534208534743,0.027269323392117278,5.027934424555867,0.027269323392117073,170.2348476477098,13.965941359330046
2016-11-01,151.331415714286,-0.8426483233015758,-0.008462186754414989,5.019472237801452,-0.008462186754415235,168.04672480417238,11.27314481974349
2016-12-01,152.729924659864,0.9241365640947796,0.009198925491079755,5.028671163292532,0.009198925491079812,166.3832615275284,9.542561167401471
2017-01-01,160.012106964286,4.768012765435281,0.046578317605363996,5.075249480897896,0.04657831760536446,165.64051455133796,9.119186153343277
2017-02-01,162.962535912698,1.8438785691825998,0.018270852464977217,5.093520333362873,0.01827085246497706,165.18986306135304,8.896273026024836
2017-03-01,158.979119254658,-2.444375718462055,-0.024747465208984944,5.068772868153888,-0.024747465208984742,165.05135432675772,8.961487199731017
2017-04-01,156.540452067669,-1.5339543950313672,-0.015458411908176838,5.053314456245711,-0.015458411908177538,164.82343308615626,9.091520359001466
2017-05-01,158.600219642857,1.315805306539941,0.013072237839682836,5.066386694085394,0.013072237839683254,164.15315590478366,8.768027171214143
2017-06-01,157.973907142857,-0.39490014667720175,-0.003956819361770984,5.062429874723623,-0.003956819361770947,163.46185460659774,8.389914746808964
2017-07-01,157.610645892857,-0.22995015858631174,-0.0023021494996682845,5.060127725223955,-0.0023021494996680048,162.8890470887406,8.173307130114365
2017-08-01,148.543430357143,-5.752920739807044,-0.05925034942192128,5.000877375802033,-0.05925034942192209,162.04853257432958,8.312299476880701
2017-09-01,147.315857857143,-0.8264064570533747,-0.00829840125673058,4.992578974545303,-0.008298401256729981,161.1492671219486,8.400697035510127
2017-10-01,148.722376785714,0.9547641028129883,0.009502350354718418,5.002081324900021,0.009502350354718025,160.36829378011188,8.431588406922279
2017-11-01,148.792165892857,0.04692576103968449,0.00046914754347620116,5.002550472443498,0.0004691475434768222,159.7830196610643,8.609545030037978
2017-12-01,149.0874275,0.19843894695072972,0.001982423169564179,5.004532895613062,0.001982423169564207,159.19213855392138,8.7179807342109
2018-01-01,155.916875340136,4.580834182101645,0.04479011923751507,5.049323014850577,0.04479011923751486,158.4024167200212,7.8329122870212
2018-02-01,163.460969736842,4.838536162457352,0.04725122978338452,5.0965742446339615,0.047251229783384474,158.42642573959392,7.847758087906845
2018-03-01,172.076589965986,5.270750713772454,0.05136542356701704,5.147939668200978,0.05136542356701668,158.62639127247368,8.121105890490952
2018-04-01,175.600982482993,2.0481533936159924,0.020274607990040865,5.168214276191019,0.020274607990041105,158.76480491476394,8.37848663928693
2018-05-01,179.179058928571,2.037617554858806,0.020171358863778105,5.188385635054797,0.020171358863778188,159.20102607704465,9.084111195405663
2018-06-01,165.140285544218,-7.835052526952668,-0.08159030696311004,5.106795328091687,-0.08159030696311032,159.23888886899476,9.107160099374795
2018-07-01,156.55426547619,-5.19922806220956,-0.05339263395657107,5.053402694135116,-0.053392633956571345,159.08740182221115,9.112949832413783
2018-08-01,162.522258540373,3.8120922774158794,0.03741227388743516,5.090814968022551,0.03741227388743518,159.18091559498546,9.134001429925025
2018-09-01,154.945003383459,-4.6622876306088745,-0.047744730946617644,5.043070237075933,-0.047744730946617686,159.03819796967218,9.16665490695219
2018-10-01,160.365565062112,3.498377850390022,0.034385753651418965,5.077455990727352,0.03438575365141894,158.90153674271767,9.113359605729698
2018-11-01,160.878207678571,0.3196712562702819,0.0031916139400961726,5.0806476046674485,0.0031916139400962606,158.63073966873807,8.921558337767458
2018-12-01,167.489880555556,4.109738026293086,0.04027533017894171,5.120922934846391,0.04027533017894225,158.2166443777328,8.155067208979059
2019-01-01,166.846241496599,-0.38428534119320235,-0.0038502561442674433,5.117072678702123,-0.003850256144267483,158.38408426690512,8.282243684606803
2019-02-01,169.656283458647,1.6842105263158214,0.01670184961793179,5.133774528320055,0.016701849617931863,159.03211330144805,8.381030055842631
2019-03-01,166.321331972789,-1.9657105636590733,-0.019852876307962706,5.113921652012092,-0.019852876307963285,159.625760977185,8.239713773354943
2019-04-01,161.653386564626,-2.8065825067627004,-0.028467198077876985,5.085454453934215,-0.028467198077876787,159.92695906108523,8.139233971629462
2019-05-01,171.180153571429,5.8933296785554035,0.05726207765302646,5.142716531587242,0.05726207765302682,160.58858365632335,8.222729993455879
2019-06-01,195.167922321429,14.013171649592259,0.1311437965179786,5.27386032810522,0.13114379651797847,162.0031835783755,10.22964711179264
2019-07-01,189.486373214286,-2.9111080548297474,-0.029543215327767373,5.244317112777453,-0.02954321532776749,162.98565912004216,11.382273425577248
2019-08-01,163.628614285714,-13.646236660685895,-0.14671779995581108,5.097599312821642,-0.1467177999558107,163.00786173247604,11.382876385903215
2019-09-01,157.374436607143,-3.8221784776900414,-0.038971400402264544,5.058627912419377,-0.03897140040226521,162.9543723108922,11.406207095457301
2019-10-01,167.297794099379,6.305571416918165,0.06114751018688667,5.1197754226062635,0.06114751018688658,163.31295037861585,11.366640303455535
2019-11-01,166.361785526316,-0.5594865001668725,-0.0056105748827063205,5.114164847723558,-0.005610574882705777,163.57166924139784,11.343982672168567
2019-12-01,167.059017321429,0.4191057416865096,0.004182299397443571,5.118347147121002,0.004182299397443856,163.87450624735024,11.31061096505457
2020-01-01,171.814135204082,2.846370078607574,0.02806613613469608,5.146413283255697,0.02806613613469544,164.34795589105772,11.33661266710917
2020-02-01,168.744598496241,-1.7865449220432206,-0.01802696292651865,5.128386320329178,-0.01802696292651884,165.021328162361,10.959155121806143
2020-03-01,162.179148214286,-3.8907617431684804,-0.03968474292739829,5.08870157740178,-0.0396847429273981,165.51677117426576,10.45552113399226
2020-04-01,147.012160204082,-9.351996343058833,-0.09818627156761107,4.990515305834169,-0.09818627156761117,165.459763954878,10.554442099477003
2020-05-01,143.98924375,-2.056235654170091,-0.020776705228622676,4.969738600605546,-0.02077670522862274,165.29966655011611,10.848322085808555
2020-06-01,148.042380357143,2.814888460821563,0.027759985931634205,4.997498586537181,0.027759985931634645,165.26483164535423,10.903712588010444
2020-07-01,152.587619642857,3.070228454006818,0.030240399551864822,5.027738986089045,0.030240399551864527,165.15385645544492,11.018472655507635
2020-08-01,149.392999829932,-2.0936297586935604,-0.02115856970940744,5.006580416379638,-0.021158569709407438,164.68492412521456,11.386224678369206
2020-09-01,166.602533503401,11.519638599573078,0.10903052034072466,5.115610936720363,0.10903052034072491,164.50245557646176,11.307274007667898
2020-10-01,186.7663875,12.10296960831474,0.11424763444668586,5.229858571167049,0.11424763444668606,164.8746357436953,11.855638469324472
2020-11-01,190.625037593985,2.066030266813934,0.020449773408955523,5.250308344576005,0.020449773408955707,165.2561683658758,12.498590817796103
2020-12-01,199.184417517007,4.490165631470067,0.0439227721985042,5.294231116774508,0.0439227721985036,166.39097276496878,13.949054635371828
2021-01-01,231.754461466165,16.351702786377388,0.15144733868859217,5.4456784554631,0.15144733868859195,168.8976459646346,18.222598853607703
2021-02-01,245.554056578947,5.954403218596371,0.05783865726421899,5.5035171127273195,0.05783865726421933,171.6653725659204,22.920838709817282
2021-03-01,245.760356832298,0.08401419069394844,0.0008397891852712647,5.50435690191259,0.0008397891852709449,174.69255101421504,26.37342068145216
2021-04-01,268.622448809524,9.302595533268466,0.08894995578590245,5.593306857698493,0.08894995578590237,178.30111380579544,31.292873291074816
2021-05-01,304.297549659864,13.280759299322998,0.12469914678904737,5.718006004487541,0.12469914678904814,183.0817585385052,38.63354845196762
2021-06-01,292.523726785714,-3.8691809668892962,-0.03946022388933652,5.678545780598204,-0.03946022388933734,187.2495534128438,43.3499406375429
2021-07-01,278.445755612245,-4.812591213765616,-0.049322513586781115,5.629223267011423,-0.0493225135867803,190.96953721669868,46.231280281857565
2021-08-01,257.020755357143,-7.694496979489895,-0.08006642523260271,5.54915684177882,-0.08006642523260332,193.88168627998184,47.5745140716911
2021-09-01,235.815603571429,-8.25036552252304,-0.08610668295805633,5.463050158820764,-0.08610668295805635,196.19816199993653,47.87721212413466
2021-10-01,239.60245085034,1.6058510215436028,0.015930936292839672,5.478981095113603,0.015930936292839704,198.7964641427937,48.05264761537262
2021-11-01,248.767746071429,3.8252092950475713,0.03753861937112046,5.5165197144847244,0.03753861937112113,201.382717226127,48.59986469409775
2021-12-01,264.573146768707,6.35347666523447,0.06159804591117078,5.5781177603958945,0.06159804591117002,203.69622470770295,49.92763584266758
2022-01-01,276.719178214286,4.590802805923921,0.0448854344912786,5.623003194887174,0.04488543449127924,206.6039848743696,51.58423829977014
2022-02-01,292.671593045113,5.7648389004949285,0.056047942666341444,5.679051137553515,0.056047942666340944,210.9054174996829,53.231037293252555
2022-03-01,335.930684161491,14.780761831473654,0.13785370398908808,5.816904841542603,0.13785370398908814,216.85729241816117,56.89547692626155
2022-04-01,348.507116964286,3.743758279832865,0.0367538101547238,5.853658651697327,0.03675381015472379,222.89760318032475,60.92865679647225
2022-05-01,344.909299603175,-1.0323511876745184,-0.010377168931093493,5.843281482766233,-0.010377168931093195,228.8491869828867,63.865335221330234
2022-06-01,335.717134013605,-2.665096476130324,-0.027012540423488687,5.816268942342744,-0.027012540423489106,234.47112420595923,65.63724708358005
2022-07-01,312.682041964286,-6.86145856600382,-0.07108210848780547,5.745186833854939,-0.07108210848780505,239.16672109796602,66.03781268367202
2022-08-01,293.930790333851,-5.996907117734862,-0.06184250125655878,5.683344332598381,-0.061842501256558435,243.33959415921973,65.38644546272545
2022-09-01,312.546127891156,6.333238357288606,0.06140773493660141,5.744752067534982,0.061407734936601344,248.35182681511534,64.71025135877339
2022-10-01,343.553283333333,9.92082533589258,0.09459015097206568,5.839342218507047,0.09459015097206525,254.9031975860904,64.0422968587933
2022-11-01,320.929682857143,-6.585179526355867,-0.0681201758932191,5.771222042613828,-0.0681201758932195,260.80121222299516,61.57559192976414
2022-12-01,302.235405102041,-5.8250385532034095,-0.06001584178839171,5.711206200825437,-0.06001584178839092,265.9409797144918,58.18068585888905
2023-01-01,302.839988392857,0.20003721622616766,0.0019983740820269107,5.713204574907463,0.0019983740820261886,270.9493920061584,54.432749015050206
2023-02-01,298.245303383459,-1.5171989121323004,-0.015288261300840475,5.697916313606623,-0.015288261300840489,275.9111354579427,49.53415545804286
2023-03-01,284.957404968944,-4.455358814965315,-0.045576600756989945,5.652339712849633,-0.04557660075698955,279.85629784012747,45.03710328448364
2023-04-01,291.179744924812,2.183603530691247,0.021601043789984193,5.673940756639617,0.02160104378998362,283.3367430876212,41.48990885562032
2023-05-01,268.172526360544,-7.901380149298809,-0.08231022817351763,5.5916305284661,-0.08231022817351707,285.9216593798398,37.762873089326334
2023-06-01,266.93523962585,-0.46137714085988657,-0.004624447703216504,5.587006080762883,-0.004624447703216461,288.1800201168013,34.260227341583246
2023-07-01,235.271947278912,-11.861788046913125,-0.12626401322106146,5.460742067541822,-0.1262640132210615,288.29726964389283,34.065930106317616
2023-08-01,207.675888664596,-11.729430105664584,-0.12476343071378686,5.335978636828035,-0.12476343071378704,287.03466404674776,36.33139605854472
2023-09-01,223.847666428571,7.787027116129508,0.07498712309417556,5.4109657599222105,0.07498712309417588,286.3042410332902,37.39452409936946
2023-10-01,221.90251875,-0.868960445112199,-0.00872757921437327,5.402238180707837,-0.008727579214373726,284.7469100313061,39.090672759645386
2023-11-01,209.040296830357,-5.796338857304217,-0.05971113952730998,5.342527041180527,-0.059711139527309776,281.57166827032245,41.25661458878563
2023-12-01,207.397968890977,-0.7856513620973171,-0.007887538629885836,5.334639502550641,-0.007887538629885782,278.7341430071646,43.351563141615024
2024-01-01,198.757928528912,-4.165923325221577,-0.0425518578424947,5.292087644708146,-0.042551857842495266,276.07788210438684,45.74510444253506
2024-02-01,188.947744464286,-4.935744771157136,-0.05061715219328625,5.2414704925148605,-0.05061715219328544,273.80878174129157,48.33783594976423
2024-03-01,190.227211428571,0.6771538701944468,0.006748714811055631,5.248219207325915,0.006748714811054768,272.289168669863,50.252111205185265
2024-04-01,190.90005,0.35370258880214056,0.0035307853229859755,5.251749992648902,0.0035307853229866737,270.665755308185,52.0972792738965
2024-05-01,201.019470535714,5.300899887513921,0.051651779055625256,5.303401771704527,0.05165177905562501,269.07414612366114,53.49984025265093
2024-06-01,191.240942946429,-4.864467886232793,-0.049867657262121515,5.253534114442405,-0.049867657262121945,266.6297393295852,55.35566789940995
2024-07-01,177.767708446429,-7.045162135481709,-0.07305642514369377,5.180477689298711,-0.07305642514369382,263.33135700399004,57.634859263027366
2024-08-01,169.296742410714,-4.765188295301548,-0.048824641864447155,5.1316530474342645,-0.04882464186444668,259.21886198284335,59.82901322982674
2024-09-01,183.655827659774,8.481607528055601,0.08141045675252849,5.213063504186793,0.08141045675252823,254.14303343278613,59.555236987836125
2024-10-01,189.587905861801,3.2299972604279636,0.03178929595088101,5.244852800137674,0.031789295950881424,248.84572639603664,57.91756975616916
2024-11-01,201.308270188492,6.182021091173651,0.05998461556128025,5.304837415698954,0.05998461556128021,244.05902541554718,55.591839566247735
2024-12-01,202.829961026786,0.7559008066927442,0.007530581924536279,5.3123679976234905,0.0075305819245361505,239.62945298265325,53.28295311431134
2025-01-01,214.359926785714,5.684547638110193,0.05528850545483607,5.367656503078327,0.05528850545483621,236.35204914336748,51.63290403862726
2025-02-01,221.25454431391,3.216374269006095,0.031657319870694006,5.39931382294902,0.031657319870693534,233.92950760936944,50.53142026804815
2025-03-01,207.751690816327,-6.102859283389684,-0.06297025053983356,5.336343572409187,-0.0629702505398333,230.43635970687515,48.49029452635809
2025-04-01,215.569093367347,3.762858689766979,0.036937904621367784,5.373281477030555,0.036937904621368034,226.1702200413423,43.57615213134806
2025-05-01,204.808448129252,-4.991738412035707,-0.05120633408487259,5.322075142945682,-0.051206334084873184,222.29951221707927,39.86833854720331
